record_id,agency,mode,region,travel_date,passengers_count,satisfaction_score
PSG-000000,SAR,Air,Makkah,2025-03-13,2420,2.73
PSG-000001,GACA,Air,Qassim,2025-05-07,6994,3.7
PSG-000002,SAR,Road,Tabuk,2025-06-17,4078,3.46
PSG-000003,TGA,Rail,Jazan,2025-02-28,6351,2.71
PSG-000004,TGA,Rail,Eastern,2025-03-02,5976,2.51
PSG-000005,GACA,Rail,Jazan,2025-01-29,1026,4.78
PSG-000006,SAR,Air,Asir,2025-05-22,6948,3.11
PSG-000007,GACA,Air,Madinah,2025-06-28,11583,2.86
PSG-000008,TGA,Air,Qassim,2025-06-29,1786,4.16
PSG-000009,GACA,Rail,,2025-04-04,2364,2.7
PSG-000010,GACA,Air,Qassim,2025-02-16,7746,4.36
PSG-000011,TGA,Road,Asir,2025-03-28,7324,4.45
PSG-000012,TGA,Air,Asir,2025-01-16,10575,2.58
PSG-000013,GACA,Road,,2025-04-19,11189,4.87
PSG-000014,SAR,Road,Asir,2025-05-09,5064,4.27
PSG-000015,SAR,Air,Asir,2025-05-14,6235,4.94
PSG-000016,GACA,Road,Eastern,2025-01-15,3636,3.48
PSG-000017,TGA,Road,Makkah,2025-04-30,7871,3.28
PSG-000018,TGA,Rail,Qassim,2025-04-06,10644,3.56
PSG-000019,SAR,Air,Makkah,2025-06-04,5546,2.57
PSG-000020,SAR,Air,Makkah,2025-06-02,229,4.39
PSG-000021,SAR,Air,Eastern,2025-01-09,3987,3.17
PSG-000022,TGA,Road,Riyadh,2025-05-04,798,2.62
PSG-000023,GACA,Rail,Riyadh,2025-03-14,6573,3.75
PSG-000024,SAR,Rail,Tabuk,2025-06-29,11104,2.74
PSG-000025,SAR,Road,Makkah,2025-02-08,438,3.97
PSG-000026,SAR,Rail,Riyadh,2025-02-08,11230,3.66
PSG-000027,TGA,Air,Eastern,2025-06-24,10768,2.85
PSG-000028,TGA,Air,Tabuk,2025-02-03,5604,3.23
PSG-000029,TGA,Rail,Riyadh,2025-06-24,6400,3.1
PSG-000030,TGA,Road,Makkah,2025-05-26,10335,4.99
PSG-000031,GACA,Air,Madinah,2025-03-21,9014,4.67
PSG-000032,GACA,Rail,Makkah,2025-02-13,4893,2.9
PSG-000033,SAR,Road,Tabuk,2025-01-19,2985,4.28
PSG-000034,SAR,Rail,Jazan,2025-04-24,10704,4.81
PSG-000035,GACA,Road,,2025-03-15,6618,3.52
PSG-000036,TGA,Road,Madinah,2025-05-12,10283,4.88
PSG-000037,SAR,Air,Qassim,2025-03-09,11232,2.61
PSG-000038,TGA,Air,Eastern,2025-05-24,180,2.89
PSG-000039,GACA,Rail,Qassim,2025-04-13,1245,3.06
PSG-000040,SAR,Road,Makkah,2025-04-30,10576,3.84
PSG-000041,SAR,Air,Makkah,2025-01-28,6553,4.42
PSG-000042,GACA,Rail,Tabuk,2025-03-29,9951,3.72
PSG-000043,TGA,Road,Jazan,2025-04-27,677,3.86
PSG-000044,SAR,Air,Eastern,2025-01-09,9898,4.44
PSG-000045,GACA,Rail,Qassim,2025-02-24,936,3.03
PSG-000046,GACA,Road,Qassim,2025-06-12,2935,2.71
PSG-000047,GACA,Rail,Qassim,2025-04-26,6926,3.81
PSG-000048,TGA,Rail,Madinah,2025-01-24,7071,3.36
PSG-000049,SAR,Air,Eastern,2025-04-18,7940,3.69
PSG-000050,TGA,Air,Qassim,2025-06-27,9394,3.47
PSG-000051,GACA,Road,Eastern,2025-06-20,9527,4.04
PSG-000052,SAR,Road,,2025-04-28,2466,3.75
PSG-000053,SAR,Air,Qassim,2025-01-01,7431,4.86
PSG-000054,GACA,Road,Jazan,2025-05-29,1646,2.59
PSG-000055,TGA,Air,Qassim,2025-02-12,9895,3.44
PSG-000056,SAR,Air,Eastern,2025-05-28,285,3.43
PSG-000057,SAR,Air,Asir,2025-05-09,2093,4.25
PSG-000058,TGA,Rail,Qassim,2025-04-01,8937,3.56
PSG-000059,SAR,Air,Madinah,2025-04-06,2948,3.88
PSG-000060,GACA,Road,Qassim,2025-06-18,11331,4.2
PSG-000061,TGA,Rail,Makkah,2025-01-27,1518,4.12
PSG-000062,TGA,Rail,Makkah,2025-06-09,8974,2.75
PSG-000063,SAR,Road,Riyadh,2025-04-18,3521,3.06
PSG-000064,SAR,Road,Qassim,2025-05-01,2088,3.38
PSG-000065,SAR,Rail,,2025-04-06,3718,3.77
PSG-000066,SAR,Road,Asir,2025-04-17,11081,3.1
PSG-000067,SAR,Air,,2025-04-06,8552,4.55
PSG-000068,TGA,Rail,Tabuk,2025-05-27,7095,3.1
PSG-000069,SAR,Air,Qassim,2025-05-28,7080,2.82
PSG-000070,TGA,Rail,Madinah,2025-03-23,8525,2.9
PSG-000071,GACA,Air,Madinah,2025-06-11,9502,4.46
PSG-000072,TGA,Rail,Madinah,2025-02-22,1577,2.73
PSG-000073,SAR,Air,,2025-05-20,1340,3.93
PSG-000074,GACA,Road,Madinah,2025-06-12,10396,4.44
PSG-000075,GACA,Air,Eastern,2025-05-18,4068,4.32
PSG-000076,SAR,Rail,Riyadh,2025-02-06,10329,2.56
PSG-000077,TGA,Air,Makkah,2025-06-02,2060,2.77
PSG-000078,SAR,Rail,Madinah,2025-05-07,5971,4.78
PSG-000079,GACA,Rail,Makkah,2025-01-06,6828,2.68
PSG-000080,TGA,Air,Eastern,2025-04-07,5187,4.08
PSG-000081,SAR,Air,Madinah,2025-02-15,10857,3.92
PSG-000082,TGA,Air,Makkah,2025-03-30,7978,4.99
PSG-000083,TGA,Road,Riyadh,2025-03-07,2042,2.98
PSG-000084,GACA,Road,Riyadh,2025-02-09,3593,4.67
PSG-000085,GACA,Air,Riyadh,2025-02-26,1417,4.32
PSG-000086,GACA,Rail,Asir,2025-01-24,5760,4.27
PSG-000087,TGA,Rail,Jazan,2025-05-07,7194,3.78
PSG-000088,SAR,Air,Asir,2025-06-25,11803,3.2
PSG-000089,SAR,Air,Asir,2025-02-22,11880,3.72
PSG-000090,SAR,Rail,Asir,2025-06-09,1812,4.02
PSG-000091,SAR,Air,Tabuk,2025-06-11,1102,3.62
PSG-000092,GACA,Road,Asir,2025-03-17,9944,4.57
PSG-000093,TGA,Road,Tabuk,2025-01-30,2997,4.52
PSG-000094,SAR,Air,Tabuk,2025-02-25,10813,3.43
PSG-000095,GACA,Rail,,2025-06-26,228,4.29
PSG-000096,GACA,Rail,Tabuk,2025-05-24,1135,3.46
PSG-000097,TGA,Air,Eastern,2025-03-13,11785,4.02
PSG-000098,TGA,Air,Qassim,2025-04-22,5256,4.53
PSG-000099,GACA,Air,Riyadh,2025-05-08,816,4.98
PSG-000100,SAR,Air,Makkah,2025-06-03,5405,3.98
PSG-000101,GACA,Road,Riyadh,2025-06-14,9483,4.97
PSG-000102,SAR,Rail,Madinah,2025-04-14,656,4.74
PSG-000103,TGA,Air,Tabuk,2025-01-18,7748,2.74
PSG-000104,SAR,Road,Asir,2025-03-30,6609,2.7
PSG-000105,SAR,Rail,Riyadh,2025-06-28,7497,3.73
PSG-000106,TGA,Air,Tabuk,2025-01-27,529,3.06
PSG-000107,GACA,Air,Makkah,2025-06-26,11916,3.59
PSG-000108,GACA,Air,Eastern,2025-04-05,8857,4.97
PSG-000109,TGA,Air,Asir,2025-01-12,1865,2.62
PSG-000110,SAR,Air,Asir,2025-06-06,6268,3.17
PSG-000111,GACA,Air,Jazan,2025-03-23,2474,4.38
PSG-000112,SAR,Road,Jazan,2025-05-14,8694,3.1
PSG-000113,SAR,Road,Jazan,2025-03-24,7958,3.06
PSG-000114,SAR,Rail,Makkah,2025-03-04,10854,4.12
PSG-000115,GACA,Road,Makkah,2025-05-07,1037,3.03
PSG-000116,TGA,Air,Jazan,2025-02-18,8039,2.76
PSG-000117,GACA,Road,Tabuk,2025-03-21,11658,3.64
PSG-000118,GACA,Road,Makkah,2025-02-26,6007,3.46
PSG-000119,SAR,Road,Eastern,2025-02-18,1174,3.19
PSG-000120,GACA,Road,Asir,2025-05-28,10673,2.76
PSG-000121,SAR,Air,Makkah,2025-04-28,3114,3.17
PSG-000122,SAR,Road,Jazan,2025-01-31,9066,2.71
PSG-000123,SAR,Air,Madinah,2025-04-21,8371,3.33
PSG-000124,SAR,Rail,Tabuk,2025-06-16,6317,4.33
PSG-000125,SAR,Air,Asir,2025-02-15,9782,3.19
PSG-000126,TGA,Rail,Qassim,2025-01-13,10639,3.12
PSG-000127,GACA,Air,Makkah,2025-01-10,9474,3.17
PSG-000128,GACA,Road,Makkah,2025-06-08,11510,4.29
PSG-000129,SAR,Rail,Makkah,2025-06-27,4445,3.74
PSG-000130,GACA,Air,Tabuk,2025-06-30,9819,3.22
PSG-000131,GACA,Air,Madinah,2025-06-29,10242,3.69
PSG-000132,SAR,Road,Eastern,2025-06-24,1187,2.92
PSG-000133,SAR,Rail,Madinah,2025-06-20,7825,3.57
PSG-000134,GACA,Air,Asir,2025-02-13,11178,4.4
PSG-000135,GACA,Road,Tabuk,2025-05-30,66,3.72
PSG-000136,GACA,Rail,Makkah,2025-01-05,9344,4.2
PSG-000137,SAR,Air,Madinah,2025-01-25,1688,3.26
PSG-000138,TGA,Rail,Jazan,2025-03-31,8990,3.14
PSG-000139,SAR,Rail,Tabuk,2025-04-01,4983,4.28
PSG-000140,TGA,Road,Jazan,2025-06-25,8558,4.32
PSG-000141,GACA,Air,Qassim,2025-06-18,2370,3.39
PSG-000142,GACA,Air,Qassim,2025-01-23,3225,4.8
PSG-000143,SAR,Road,Makkah,2025-06-10,11171,3.86
PSG-000144,SAR,Road,Madinah,2025-06-23,5765,4.72
PSG-000145,SAR,Road,Qassim,2025-03-12,5117,2.98
PSG-000146,TGA,Road,Tabuk,2025-02-01,7151,4.49
PSG-000147,TGA,Rail,Asir,2025-01-03,8224,4.82
PSG-000148,GACA,Rail,Madinah,2025-03-16,10270,3.9
PSG-000149,GACA,Rail,Jazan,2025-03-17,305,3.63
PSG-000150,GACA,Rail,Makkah,2025-03-20,133,3.58
PSG-000151,TGA,Air,Riyadh,2025-03-31,4691,4.46
PSG-000152,TGA,Road,Madinah,2025-03-11,2387,4.99
PSG-000153,GACA,Rail,Makkah,2025-01-09,7802,4.83
PSG-000154,GACA,Road,Qassim,2025-01-26,4330,4.8
PSG-000155,TGA,Rail,Madinah,2025-06-23,5333,4.51
PSG-000156,GACA,Road,Eastern,2025-04-17,9131,3.0
PSG-000157,SAR,Air,Asir,2025-06-10,7605,3.86
PSG-000158,SAR,Rail,Makkah,2025-04-24,11422,3.28
PSG-000159,TGA,Road,Tabuk,2025-04-20,7693,3.55
PSG-000160,SAR,Rail,Riyadh,2025-01-07,6946,2.72
PSG-000161,GACA,Road,Asir,2025-05-29,8441,3.43
PSG-000162,TGA,Road,Asir,2025-04-11,2113,3.51
PSG-000163,GACA,Rail,Jazan,2025-01-22,946,3.18
PSG-000164,TGA,Air,Tabuk,2025-03-16,9314,3.7
PSG-000165,SAR,Air,Makkah,2025-06-22,8419,4.35
PSG-000166,GACA,Road,Eastern,2025-05-24,8165,2.84
PSG-000167,TGA,Road,Madinah,2025-03-21,11832,4.97
PSG-000168,GACA,Rail,Eastern,2025-01-01,2557,4.01
PSG-000169,GACA,Road,Makkah,2025-01-27,7811,2.56
PSG-000170,TGA,Rail,Qassim,2025-02-01,4963,3.51
PSG-000171,GACA,Air,Asir,2025-06-24,7244,4.65
PSG-000172,TGA,Air,Qassim,2025-01-06,3077,2.85
PSG-000173,TGA,Road,Eastern,2025-06-29,9006,3.0
PSG-000174,SAR,Rail,Asir,2025-05-31,8126,3.42
PSG-000175,SAR,Rail,Qassim,2025-01-28,7651,3.54
PSG-000176,SAR,Air,Riyadh,2025-01-31,9294,3.47
PSG-000177,TGA,Rail,Riyadh,2025-06-18,10206,3.61
PSG-000178,SAR,Air,Jazan,2025-04-28,4586,2.52
PSG-000179,GACA,Rail,Eastern,2025-06-30,8652,3.48
PSG-000180,GACA,Air,Madinah,2025-05-25,5608,3.65
PSG-000181,GACA,Rail,Asir,2025-01-18,10619,3.71
PSG-000182,SAR,Road,Madinah,2025-05-10,10845,3.81
PSG-000183,GACA,Road,Tabuk,2025-05-29,5753,3.96
PSG-000184,SAR,Air,,2025-02-10,3846,2.74
PSG-000185,GACA,Rail,Jazan,2025-03-01,3926,2.76
PSG-000186,GACA,Road,Qassim,2025-04-18,1104,2.65
PSG-000187,SAR,Air,Riyadh,2025-01-19,7284,4.41
PSG-000188,TGA,Road,Riyadh,2025-03-24,1813,4.25
PSG-000189,SAR,Air,Eastern,2025-05-06,7218,4.2
PSG-000190,GACA,Air,Madinah,2025-05-16,3200,2.72
PSG-000191,GACA,Road,Makkah,2025-02-05,135,3.4
PSG-000192,SAR,Road,Makkah,2025-06-24,11982,4.11
PSG-000193,SAR,Air,Eastern,2025-05-02,8255,3.38
PSG-000194,TGA,Road,Madinah,2025-04-23,7054,4.06
PSG-000195,GACA,Road,Makkah,2025-05-13,4936,2.75
PSG-000196,SAR,Air,Riyadh,2025-03-26,419,3.06
PSG-000197,SAR,Rail,Qassim,2025-01-18,2636,4.92
PSG-000198,GACA,Road,Eastern,2025-06-06,8242,3.28
PSG-000199,TGA,Air,Makkah,2025-03-09,10752,2.57
PSG-000200,SAR,Rail,Asir,2025-01-16,2332,3.01
PSG-000201,TGA,Rail,Riyadh,2025-01-19,9288,4.76
PSG-000202,TGA,Air,Tabuk,2025-04-17,9850,4.35
PSG-000203,GACA,Road,Jazan,2025-03-11,11901,2.6
PSG-000204,GACA,Rail,Eastern,2025-04-21,7874,3.26
PSG-000205,GACA,Air,,2025-02-20,8802,4.02
PSG-000206,SAR,Road,Riyadh,2025-01-14,6392,4.41
PSG-000207,TGA,Air,Qassim,2025-05-21,2307,2.79
PSG-000208,GACA,Road,Tabuk,2025-03-29,7202,4.8
PSG-000209,GACA,Air,Makkah,2025-02-28,6817,4.37
PSG-000210,TGA,Road,Riyadh,2025-01-04,11843,3.12
PSG-000211,GACA,Air,Riyadh,2025-02-16,4680,2.61
PSG-000212,SAR,Road,Eastern,2025-02-03,9980,3.49
PSG-000213,TGA,Air,Makkah,2025-05-20,3422,3.74
PSG-000214,TGA,Rail,Eastern,2025-03-19,6061,4.45
PSG-000215,SAR,Road,Eastern,2025-03-10,5274,4.24
PSG-000216,TGA,Air,Riyadh,2025-04-16,11608,4.88
PSG-000217,SAR,Rail,Makkah,2025-02-05,8585,3.08
PSG-000218,TGA,Road,Eastern,2025-02-06,637,4.94
PSG-000219,TGA,Rail,Jazan,2025-01-06,8224,4.59
PSG-000220,SAR,Rail,Qassim,2025-01-22,1028,3.2
PSG-000221,TGA,Rail,,2025-04-08,6352,3.61
PSG-000222,GACA,Air,Qassim,2025-04-21,8774,2.63
PSG-000223,SAR,Air,Tabuk,2025-06-05,5558,4.81
PSG-000224,SAR,Road,Eastern,2025-03-29,11941,4.57
PSG-000225,SAR,Rail,Riyadh,2025-05-22,6408,4.88
PSG-000226,TGA,Rail,Jazan,2025-05-26,8551,3.15
PSG-000227,SAR,Rail,Eastern,2025-01-04,4648,4.5
PSG-000228,SAR,Air,Eastern,2025-03-17,5580,3.93
PSG-000229,GACA,Road,Asir,2025-06-18,4154,4.46
PSG-000230,TGA,Air,Makkah,2025-06-19,5309,4.59
PSG-000231,GACA,Rail,,2025-01-03,7692,2.59
PSG-000232,SAR,Rail,Eastern,2025-05-29,1353,3.19
PSG-000233,TGA,Road,Tabuk,2025-04-23,2995,3.15
PSG-000234,SAR,Rail,Jazan,2025-06-11,2908,2.87
PSG-000235,TGA,Road,Riyadh,2025-06-17,680,2.96
PSG-000236,TGA,Rail,Tabuk,2025-02-28,1046,4.88
PSG-000237,SAR,Rail,Riyadh,2025-04-01,8904,4.3
PSG-000238,TGA,Air,Tabuk,2025-05-10,7321,2.78
PSG-000239,GACA,Air,Eastern,2025-04-06,11207,3.54
PSG-000240,TGA,Rail,Asir,2025-03-25,9994,4.47
PSG-000241,SAR,Rail,Tabuk,2025-03-17,10239,2.58
PSG-000242,SAR,Air,Asir,2025-06-01,468,2.77
PSG-000243,GACA,Rail,Tabuk,2025-04-07,9596,2.58
PSG-000244,TGA,Air,Qassim,2025-06-16,1335,4.89
PSG-000245,GACA,Road,Qassim,2025-02-01,8696,4.5
PSG-000246,TGA,Rail,Jazan,2025-02-19,9474,3.23
PSG-000247,GACA,Rail,Eastern,2025-04-03,3832,3.64
PSG-000248,TGA,Air,Eastern,2025-04-15,5979,2.7
PSG-000249,TGA,Road,Makkah,2025-06-17,7982,4.01
PSG-000250,SAR,Rail,Eastern,2025-02-02,8858,3.11
PSG-000251,SAR,Road,Madinah,2025-03-15,5646,3.28
PSG-000252,GACA,Rail,Qassim,2025-02-07,9487,3.74
PSG-000253,GACA,Air,,2025-01-31,6908,3.16
PSG-000254,TGA,Road,Jazan,2025-02-02,608,4.58
PSG-000255,GACA,Road,Madinah,2025-02-03,8486,4.67
PSG-000256,SAR,Rail,Tabuk,2025-06-28,9174,3.1
PSG-000257,SAR,Air,Tabuk,2025-03-28,9740,4.02
PSG-000258,GACA,Road,Riyadh,2025-04-01,7404,4.78
PSG-000259,TGA,Rail,Qassim,2025-05-03,11520,2.84
PSG-000260,GACA,Road,Makkah,2025-01-02,9774,3.98
PSG-000261,TGA,Road,Jazan,2025-04-23,2945,3.77
PSG-000262,TGA,Rail,Makkah,2025-05-07,5638,2.62
PSG-000263,TGA,Road,Qassim,2025-04-09,5269,4.39
PSG-000264,GACA,Air,Eastern,2025-03-13,9473,4.7
PSG-000265,SAR,Air,Tabuk,2025-01-31,4766,3.18
PSG-000266,SAR,Air,Madinah,2025-03-08,9981,4.38
PSG-000267,GACA,Road,Asir,2025-02-22,9096,4.6
PSG-000268,GACA,Air,Riyadh,2025-05-19,8863,4.5
PSG-000269,GACA,Rail,Riyadh,2025-03-14,9407,3.57
PSG-000270,SAR,Road,Madinah,2025-03-17,1845,4.29
PSG-000271,GACA,Rail,Qassim,2025-01-23,2291,4.98
PSG-000272,TGA,Road,Makkah,2025-01-21,3694,4.32
PSG-000273,SAR,Air,Tabuk,2025-06-11,8452,4.18
PSG-000274,GACA,Road,Tabuk,2025-01-10,7150,2.75
PSG-000275,TGA,Road,Tabuk,2025-05-23,10881,4.59
PSG-000276,TGA,Air,Riyadh,2025-05-31,6213,4.68
PSG-000277,GACA,Road,Eastern,2025-02-08,7988,4.53
PSG-000278,TGA,Rail,Asir,2025-06-12,1503,4.88
PSG-000279,TGA,Road,,2025-01-18,8089,3.89
PSG-000280,GACA,Road,,2025-06-26,4360,4.03
PSG-000281,TGA,Road,Eastern,2025-05-04,8741,4.14
PSG-000282,GACA,Rail,Eastern,2025-06-21,7997,3.73
PSG-000283,TGA,Rail,Tabuk,2025-03-17,1631,3.05
PSG-000284,SAR,Rail,Jazan,2025-06-19,7010,2.79
PSG-000285,SAR,Rail,Makkah,2025-04-12,11597,2.82
PSG-000286,SAR,Rail,Qassim,2025-01-08,4816,3.17
PSG-000287,GACA,Rail,Riyadh,2025-03-24,4336,4.19
PSG-000288,SAR,Rail,Jazan,2025-03-08,945,3.17
PSG-000289,TGA,Air,Tabuk,2025-01-12,5104,3.62
PSG-000290,GACA,Road,Madinah,2025-06-10,1857,4.87
PSG-000291,TGA,Road,Tabuk,2025-05-19,376,4.88
PSG-000292,GACA,Rail,Makkah,2025-03-27,5828,4.42
PSG-000293,TGA,Air,Riyadh,2025-04-03,8823,3.0
PSG-000294,GACA,Road,Qassim,2025-02-28,4804,4.5
PSG-000295,SAR,Rail,Qassim,2025-03-05,273,2.59
PSG-000296,GACA,Road,Makkah,2025-05-05,742,2.89
PSG-000297,SAR,Air,Eastern,2025-06-26,4101,2.58
PSG-000298,TGA,Air,Qassim,2025-02-03,4473,4.65
PSG-000299,GACA,Air,,2025-05-19,9960,4.8
PSG-000300,GACA,Road,Qassim,2025-06-05,5164,4.46
PSG-000301,SAR,Road,Riyadh,2025-04-28,3370,2.75
PSG-000302,TGA,Road,Jazan,2025-04-20,1574,3.06
PSG-000303,SAR,Road,Asir,2025-06-29,8786,3.77
PSG-000304,SAR,Air,Jazan,2025-04-06,9005,4.29
PSG-000305,SAR,Air,Riyadh,2025-03-01,7375,3.42
PSG-000306,TGA,Air,Asir,2025-06-11,1420,2.74
PSG-000307,GACA,Air,Jazan,2025-01-22,2365,3.51
PSG-000308,SAR,Road,Eastern,2025-05-07,4179,3.53
PSG-000309,TGA,Rail,,2025-06-26,9312,4.0
PSG-000310,GACA,Rail,Eastern,2025-05-06,8988,3.75
PSG-000311,TGA,Air,Tabuk,2025-05-04,8478,3.89
PSG-000312,TGA,Road,Makkah,2025-04-19,11506,2.69
PSG-000313,GACA,Air,Madinah,2025-02-01,2772,2.99
PSG-000314,GACA,Air,Qassim,2025-06-10,8644,3.72
PSG-000315,TGA,Road,Qassim,2025-03-17,1976,3.59
PSG-000316,SAR,Road,Asir,2025-06-07,6138,3.91
PSG-000317,GACA,Air,Asir,2025-02-22,10109,4.88
PSG-000318,SAR,Road,Asir,2025-02-23,5459,4.82
PSG-000319,TGA,Air,Madinah,2025-05-02,210,3.29
PSG-000320,GACA,Air,Jazan,2025-01-02,5159,4.25
PSG-000321,GACA,Road,Makkah,2025-03-26,1601,2.65
PSG-000322,SAR,Road,Madinah,2025-06-12,9211,4.71
PSG-000323,SAR,Road,Riyadh,2025-03-12,4706,4.55
PSG-000324,SAR,Road,Asir,2025-04-14,4223,3.9
PSG-000325,TGA,Road,Eastern,2025-02-09,1737,4.33
PSG-000326,SAR,Air,Asir,2025-02-02,8607,3.97
PSG-000327,SAR,Rail,Asir,2025-06-07,11002,4.77
PSG-000328,GACA,Air,Riyadh,2025-02-25,1546,4.82
PSG-000329,TGA,Air,Madinah,2025-01-01,5347,2.69
PSG-000330,GACA,Air,Jazan,2025-05-01,5409,3.26
PSG-000331,GACA,Air,Qassim,2025-04-09,11621,3.69
PSG-000332,SAR,Road,Tabuk,2025-06-04,3554,4.89
PSG-000333,TGA,Rail,Madinah,2025-05-24,7285,3.73
PSG-000334,SAR,Road,Makkah,2025-04-22,10733,3.37
PSG-000335,GACA,Rail,Jazan,2025-03-30,11985,3.56
PSG-000336,TGA,Road,Eastern,2025-02-15,224,2.99
PSG-000337,SAR,Road,,2025-03-21,5431,2.74
PSG-000338,SAR,Rail,Riyadh,2025-01-09,10654,3.19
PSG-000339,SAR,Rail,Riyadh,2025-06-30,4195,3.19
PSG-000340,GACA,Road,Riyadh,2025-05-01,10004,4.08
PSG-000341,SAR,Air,Jazan,2025-06-15,8988,4.52
PSG-000342,GACA,Rail,Riyadh,2025-02-09,11611,4.34
PSG-000343,GACA,Air,Qassim,2025-01-31,968,3.61
PSG-000344,TGA,Air,Tabuk,2025-05-20,4596,4.96
PSG-000345,GACA,Road,Riyadh,2025-06-22,5235,4.74
PSG-000346,GACA,Road,Tabuk,2025-06-20,6655,3.54
PSG-000347,TGA,Road,Riyadh,2025-05-09,2466,4.32
PSG-000348,GACA,Air,Jazan,2025-06-05,3305,4.22
PSG-000349,SAR,Air,Riyadh,2025-05-24,5795,2.79
PSG-000350,SAR,Road,Makkah,2025-04-29,1494,2.79
PSG-000351,GACA,Air,Makkah,2025-06-01,10316,4.91
PSG-000352,GACA,Air,Eastern,2025-04-28,1381,4.69
PSG-000353,GACA,Rail,Eastern,2025-02-03,5137,2.63
PSG-000354,TGA,Rail,Madinah,2025-05-25,5219,3.53
PSG-000355,GACA,Rail,Eastern,2025-03-17,4299,4.24
PSG-000356,SAR,Air,Jazan,2025-04-04,5765,4.43
PSG-000357,TGA,Rail,,2025-05-30,6368,2.89
PSG-000358,TGA,Air,Qassim,2025-06-24,4779,3.02
PSG-000359,TGA,Road,Asir,2025-02-23,4280,3.05
PSG-000360,SAR,Air,Makkah,2025-06-11,3104,3.69
PSG-000361,SAR,Road,Tabuk,2025-04-07,10835,3.97
PSG-000362,GACA,Rail,Makkah,2025-01-03,2650,3.55
PSG-000363,SAR,Rail,Makkah,2025-04-02,5068,2.91
PSG-000364,TGA,Air,Riyadh,2025-06-07,7528,3.98
PSG-000365,TGA,Rail,Qassim,2025-03-04,4188,4.31
PSG-000366,TGA,Rail,Jazan,2025-03-18,707,4.93
PSG-000367,GACA,Road,Makkah,2025-03-10,9511,3.5
PSG-000368,GACA,Air,Madinah,2025-06-02,11479,4.86
PSG-000369,GACA,Road,Madinah,2025-03-27,931,4.93
PSG-000370,SAR,Air,Tabuk,2025-02-12,7596,2.5
PSG-000371,GACA,Air,Madinah,2025-01-21,3074,3.09
PSG-000372,GACA,Rail,Makkah,2025-02-09,11268,3.89
PSG-000373,SAR,Air,Jazan,2025-01-26,7763,3.87
PSG-000374,SAR,Road,Eastern,2025-06-21,6215,4.58
PSG-000375,TGA,Air,Makkah,2025-03-23,2237,3.5
PSG-000376,SAR,Rail,Qassim,2025-05-17,1224,3.37
PSG-000377,TGA,Road,Riyadh,2025-06-05,2968,4.42
PSG-000378,SAR,Rail,Tabuk,2025-01-01,10053,4.0
PSG-000379,SAR,Air,Eastern,2025-02-18,774,3.03
PSG-000380,SAR,Air,Tabuk,2025-02-16,7024,2.88
PSG-000381,SAR,Rail,,2025-04-18,2991,2.91
PSG-000382,TGA,Road,Makkah,2025-01-22,5723,4.22
PSG-000383,GACA,Road,Qassim,2025-01-04,2685,3.3
PSG-000384,TGA,Road,Qassim,2025-01-03,8014,4.13
PSG-000385,TGA,Rail,Qassim,2025-03-19,7012,3.15
PSG-000386,TGA,Air,Jazan,2025-05-02,11715,3.34
PSG-000387,TGA,Rail,Makkah,2025-04-19,8761,4.4
PSG-000388,TGA,Air,,2025-06-01,4274,2.99
PSG-000389,TGA,Road,Jazan,2025-04-29,4665,2.6
PSG-000390,SAR,Rail,Tabuk,2025-06-03,11295,3.42
PSG-000391,SAR,Rail,Asir,2025-01-07,8942,3.17
PSG-000392,SAR,Rail,,2025-03-25,4927,4.09
PSG-000393,TGA,Air,Tabuk,2025-05-17,6541,3.12
PSG-000394,GACA,Road,Makkah,2025-02-07,10419,3.73
PSG-000395,SAR,Rail,Jazan,2025-03-04,8627,3.92
PSG-000396,GACA,Air,Tabuk,2025-02-07,10033,4.94
PSG-000397,TGA,Air,Qassim,2025-01-21,5584,4.82
PSG-000398,TGA,Rail,Qassim,2025-02-17,4258,4.3
PSG-000399,TGA,Air,Qassim,2025-02-19,9403,3.15
PSG-000400,SAR,Road,Eastern,2025-01-13,6181,3.93
PSG-000401,GACA,Rail,Asir,2025-02-17,4585,3.75
PSG-000402,GACA,Road,Qassim,2025-06-23,4718,3.18
PSG-000403,SAR,Air,Riyadh,2025-06-18,2176,3.19
PSG-000404,SAR,Road,Tabuk,2025-02-27,346,4.27
PSG-000405,GACA,Air,Asir,2025-06-05,7597,3.97
PSG-000406,TGA,Road,Tabuk,2025-05-02,9186,2.53
PSG-000407,SAR,Rail,Tabuk,2025-02-08,7618,4.64
PSG-000408,SAR,Air,Madinah,2025-03-07,6651,2.58
PSG-000409,TGA,Air,Jazan,2025-03-30,1411,3.02
PSG-000410,TGA,Rail,Asir,2025-03-22,7447,4.19
PSG-000411,GACA,Air,Madinah,2025-05-25,7120,3.54
PSG-000412,GACA,Rail,Jazan,2025-04-07,8857,2.83
PSG-000413,TGA,Air,Makkah,2025-02-24,1862,3.93
PSG-000414,GACA,Air,Qassim,2025-04-01,3617,3.55
PSG-000415,TGA,Rail,Tabuk,2025-06-11,1780,4.16
PSG-000416,TGA,Road,Tabuk,2025-05-17,6475,3.06
PSG-000417,SAR,Rail,Jazan,2025-04-26,2621,4.81
PSG-000418,GACA,Rail,,2025-03-27,7652,4.14
PSG-000419,TGA,Air,Qassim,2025-04-18,6902,3.53
PSG-000420,TGA,Air,Eastern,2025-06-08,8297,5.0
PSG-000421,TGA,Road,Qassim,2025-03-25,10041,3.12
PSG-000422,TGA,Road,Jazan,2025-04-05,422,4.36
PSG-000423,TGA,Rail,Eastern,2025-02-11,7550,3.42
PSG-000424,GACA,Air,Jazan,2025-02-21,5337,2.83
PSG-000425,GACA,Air,Eastern,2025-04-28,4064,4.21
PSG-000426,SAR,Air,Madinah,2025-05-09,10558,2.78
PSG-000427,TGA,Rail,Madinah,2025-01-18,162,4.37
PSG-000428,TGA,Road,Qassim,2025-05-01,6363,2.68
PSG-000429,SAR,Rail,Makkah,2025-06-05,10651,4.97
PSG-000430,TGA,Air,Jazan,2025-01-16,4849,4.53
PSG-000431,TGA,Air,Tabuk,2025-05-11,10359,4.12
PSG-000432,SAR,Air,Makkah,2025-03-09,9549,4.38
PSG-000433,GACA,Road,Madinah,2025-06-18,5617,2.85
PSG-000434,GACA,Rail,Eastern,2025-03-26,10569,4.23
PSG-000435,SAR,Road,Jazan,2025-03-08,5660,3.24
PSG-000436,SAR,Rail,Jazan,2025-05-26,4560,3.99
PSG-000437,GACA,Air,,2025-04-05,9283,3.41
PSG-000438,SAR,Rail,Madinah,2025-03-20,7837,4.28
PSG-000439,TGA,Rail,Madinah,2025-06-27,2156,2.87
PSG-000440,SAR,Rail,Asir,2025-01-08,3517,3.96
PSG-000441,GACA,Road,Riyadh,2025-05-11,8517,3.51
PSG-000442,TGA,Air,Tabuk,2025-05-31,8259,3.29
PSG-000443,SAR,Rail,Jazan,2025-05-15,7947,2.94
PSG-000444,SAR,Air,Makkah,2025-03-21,3432,3.06
PSG-000445,SAR,Road,Makkah,2025-04-02,8222,3.65
PSG-000446,TGA,Air,Eastern,2025-04-04,10932,2.58
PSG-000447,TGA,Air,Tabuk,2025-03-11,9115,4.9
PSG-000448,TGA,Road,Makkah,2025-01-15,7367,3.92
PSG-000449,GACA,Air,Asir,2025-02-16,11350,4.84
PSG-000450,GACA,Air,Jazan,2025-06-05,4404,3.88
PSG-000451,GACA,Road,Eastern,2025-01-17,2221,3.81
PSG-000452,GACA,Air,Eastern,2025-05-29,7869,3.66
PSG-000453,TGA,Air,Tabuk,2025-01-19,3268,3.7
PSG-000454,SAR,Air,Jazan,2025-05-19,9706,3.04
PSG-000455,SAR,Rail,Riyadh,2025-01-29,11846,4.72
PSG-000456,TGA,Air,Jazan,2025-03-06,6721,4.0
PSG-000457,SAR,Road,Madinah,2025-05-04,8474,3.21
PSG-000458,TGA,Rail,Asir,2025-03-05,5639,3.19
PSG-000459,TGA,Road,Asir,2025-01-29,3034,3.72
PSG-000460,SAR,Road,Jazan,2025-02-15,1124,4.4
PSG-000461,TGA,Rail,Makkah,2025-04-24,5660,4.09
PSG-000462,TGA,Air,Eastern,2025-03-01,3543,3.27
PSG-000463,SAR,Rail,Jazan,2025-03-18,10036,3.03
PSG-000464,TGA,Air,Tabuk,2025-04-12,2864,4.63
PSG-000465,TGA,Road,Madinah,2025-05-13,7812,4.13
PSG-000466,SAR,Road,Asir,2025-03-09,7782,4.84
PSG-000467,SAR,Rail,Madinah,2025-04-01,5216,3.62
PSG-000468,SAR,Road,Qassim,2025-01-02,6670,2.64
PSG-000469,SAR,Rail,Madinah,2025-03-12,369,4.55
PSG-000470,GACA,Air,Asir,2025-04-06,437,3.3
PSG-000471,SAR,Rail,Eastern,2025-06-08,8290,3.6
PSG-000472,SAR,Air,Makkah,2025-03-25,11893,3.7
PSG-000473,TGA,Road,Jazan,2025-01-12,10853,3.48
PSG-000474,TGA,Rail,Eastern,2025-06-05,9652,3.44
PSG-000475,GACA,Air,Tabuk,2025-04-05,7228,4.81
PSG-000476,GACA,Rail,Madinah,2025-01-19,5367,4.94
PSG-000477,TGA,Rail,Madinah,2025-05-31,4946,3.94
PSG-000478,TGA,Air,Jazan,2025-05-27,9005,4.41
PSG-000479,SAR,Road,Asir,2025-02-05,1164,4.68
PSG-000480,TGA,Road,Tabuk,2025-04-03,7354,4.37
PSG-000481,GACA,Air,Tabuk,2025-04-28,5984,3.33
PSG-000482,TGA,Road,Asir,2025-01-06,2348,2.8
PSG-000483,SAR,Rail,Qassim,2025-01-13,8707,2.65
PSG-000484,TGA,Rail,Riyadh,2025-01-09,8311,4.68
PSG-000485,SAR,Road,Jazan,2025-03-27,10443,2.67
PSG-000486,GACA,Road,Makkah,2025-01-29,8762,2.9
PSG-000487,TGA,Air,Jazan,2025-02-18,1247,4.42
PSG-000488,SAR,Rail,Jazan,2025-02-08,10706,3.33
PSG-000489,GACA,Road,Tabuk,2025-06-27,7134,4.72
PSG-000490,SAR,Road,,2025-04-10,359,2.52
PSG-000491,SAR,Rail,Madinah,2025-02-27,9624,4.19
PSG-000492,SAR,Road,Jazan,2025-02-21,9461,4.81
PSG-000493,TGA,Road,Madinah,2025-02-07,3427,3.27
PSG-000494,GACA,Air,Riyadh,2025-05-19,5760,4.89
PSG-000495,SAR,Rail,Eastern,2025-02-21,5013,2.91
PSG-000496,SAR,Air,Eastern,2025-01-07,2299,4.69
PSG-000497,SAR,Air,,2025-02-23,6282,2.62
PSG-000498,SAR,Rail,Eastern,2025-04-08,9720,4.54
PSG-000499,GACA,Air,Makkah,2025-02-23,2021,4.85
PSG-000500,TGA,Road,Tabuk,2025-03-23,6851,2.98
PSG-000501,GACA,Road,Tabuk,2025-05-11,1884,4.86
PSG-000502,GACA,Air,Qassim,2025-04-13,1689,3.39
PSG-000503,SAR,Air,Qassim,2025-06-16,4976,3.07
PSG-000504,TGA,Air,Qassim,2025-01-05,4550,4.32
PSG-000505,SAR,Air,Madinah,2025-02-15,9300,2.52
PSG-000506,TGA,Air,Madinah,2025-01-10,1052,3.99
PSG-000507,GACA,Road,Asir,2025-04-17,2630,3.55
PSG-000508,GACA,Road,Madinah,2025-06-21,3025,3.41
PSG-000509,GACA,Air,Riyadh,2025-03-20,6663,4.06
PSG-000510,SAR,Road,,2025-01-07,5482,2.57
PSG-000511,SAR,Air,Madinah,2025-01-12,8888,3.44
PSG-000512,TGA,Road,Madinah,2025-01-04,5762,4.74
PSG-000513,GACA,Rail,Makkah,2025-05-02,7659,4.96
PSG-000514,TGA,Rail,Madinah,2025-06-13,61,3.28
PSG-000515,SAR,Rail,Madinah,2025-05-19,6039,4.89
PSG-000516,TGA,Road,Makkah,2025-05-27,3265,2.81
PSG-000517,TGA,Air,Madinah,2025-01-22,1603,4.29
PSG-000518,SAR,Road,Makkah,2025-03-06,3074,4.33
PSG-000519,SAR,Rail,Jazan,2025-05-14,8518,3.94
PSG-000520,SAR,Air,Tabuk,2025-06-19,2429,3.95
PSG-000521,GACA,Road,Qassim,2025-02-20,3034,2.54
PSG-000522,TGA,Air,Eastern,2025-03-24,241,3.93
PSG-000523,SAR,Rail,Eastern,2025-05-28,6696,3.63
PSG-000524,GACA,Rail,Asir,2025-01-31,4626,4.14
PSG-000525,TGA,Rail,Tabuk,2025-02-17,4232,3.35
PSG-000526,SAR,Road,Jazan,2025-06-21,5659,4.41
PSG-000527,SAR,Air,Tabuk,2025-01-07,8951,2.82
PSG-000528,GACA,Rail,Makkah,2025-03-17,2119,4.68
PSG-000529,SAR,Rail,Qassim,2025-01-22,8319,2.96
PSG-000530,TGA,Air,Madinah,2025-02-26,323,3.0
PSG-000531,TGA,Rail,Madinah,2025-05-16,8652,2.62
PSG-000532,TGA,Rail,Eastern,2025-05-16,2782,3.44
PSG-000533,GACA,Road,Madinah,2025-06-08,3757,4.61
PSG-000534,TGA,Air,Qassim,2025-03-13,851,4.9
PSG-000535,SAR,Rail,Qassim,2025-04-18,7857,3.67
PSG-000536,GACA,Road,,2025-03-06,11655,3.89
PSG-000537,SAR,Air,Makkah,2025-04-16,2348,2.86
PSG-000538,GACA,Air,Qassim,2025-06-15,6915,3.48
PSG-000539,GACA,Air,Tabuk,2025-03-12,2350,4.73
PSG-000540,GACA,Road,Madinah,2025-02-06,11063,3.19
PSG-000541,SAR,Air,Makkah,2025-05-15,1731,4.43
PSG-000542,TGA,Rail,Eastern,2025-03-18,2095,3.85
PSG-000543,TGA,Rail,Madinah,2025-03-29,4508,4.87
PSG-000544,GACA,Rail,Asir,2025-04-30,7028,3.96
PSG-000545,TGA,Road,Jazan,2025-02-27,8616,2.76
PSG-000546,TGA,Road,Tabuk,2025-06-20,8152,4.59
PSG-000547,SAR,Rail,Riyadh,2025-03-13,11912,4.33
PSG-000548,SAR,Road,Tabuk,2025-03-06,5893,2.71
PSG-000549,GACA,Road,Jazan,2025-05-07,3677,3.98
PSG-000550,TGA,Rail,Makkah,2025-05-05,9236,4.02
PSG-000551,TGA,Rail,Qassim,2025-01-28,9722,4.6
PSG-000552,TGA,Air,Makkah,2025-03-03,5959,3.95
PSG-000553,TGA,Road,Qassim,2025-01-11,5740,4.12
PSG-000554,SAR,Rail,Riyadh,2025-06-10,7124,4.17
PSG-000555,GACA,Air,,2025-03-26,1668,3.23
PSG-000556,SAR,Air,Jazan,2025-03-06,5925,4.55
PSG-000557,SAR,Rail,Eastern,2025-01-13,5366,3.65
PSG-000558,TGA,Rail,Madinah,2025-05-21,10671,3.3
PSG-000559,SAR,Rail,Madinah,2025-01-23,5518,3.38
PSG-000560,TGA,Road,Eastern,2025-03-20,1709,4.79
PSG-000561,GACA,Road,Qassim,2025-05-08,10527,2.97
PSG-000562,SAR,Air,Asir,2025-05-05,5794,3.34
PSG-000563,SAR,Rail,Madinah,2025-03-24,310,2.78
PSG-000564,TGA,Rail,Asir,2025-05-18,2964,3.49
PSG-000565,TGA,Air,Eastern,2025-06-03,10915,3.51
PSG-000566,SAR,Air,Tabuk,2025-04-12,2229,4.8
PSG-000567,GACA,Road,Asir,2025-01-22,5355,5.0
PSG-000568,SAR,Air,Eastern,2025-06-20,4535,2.57
PSG-000569,GACA,Road,Eastern,2025-02-27,7264,4.12
PSG-000570,GACA,Air,Riyadh,2025-01-06,10080,3.71
PSG-000571,SAR,Rail,Eastern,2025-05-13,9567,3.5
PSG-000572,TGA,Rail,Asir,2025-04-04,4368,3.58
PSG-000573,SAR,Air,Tabuk,2025-01-20,11407,2.84
PSG-000574,TGA,Air,Madinah,2025-05-10,11655,3.69
PSG-000575,SAR,Air,Eastern,2025-06-29,10617,4.94
PSG-000576,GACA,Rail,Asir,2025-01-14,7590,4.05
PSG-000577,SAR,Road,Qassim,2025-02-13,412,3.9
PSG-000578,TGA,Road,Riyadh,2025-05-03,11622,2.87
PSG-000579,TGA,Rail,Makkah,2025-03-12,9384,3.13
PSG-000580,TGA,Air,Jazan,2025-02-04,6542,3.04
PSG-000581,SAR,Rail,Asir,2025-05-26,8372,4.87
PSG-000582,GACA,Road,Tabuk,2025-06-06,917,4.28
PSG-000583,SAR,Road,Makkah,2025-01-19,10107,2.66
PSG-000584,SAR,Road,Madinah,2025-03-05,9905,4.43
PSG-000585,GACA,Air,Riyadh,2025-05-07,11988,2.8
PSG-000586,GACA,Air,Qassim,2025-06-25,6397,4.51
PSG-000587,SAR,Road,Jazan,2025-03-29,3048,2.74
PSG-000588,SAR,Air,Qassim,2025-05-08,1536,2.96
PSG-000589,SAR,Air,Eastern,2025-06-15,10421,2.7
PSG-000590,SAR,Air,,2025-06-05,1047,4.96
PSG-000591,GACA,Road,Tabuk,2025-01-01,8719,2.53
PSG-000592,SAR,Rail,,2025-05-26,9280,3.44
PSG-000593,GACA,Air,Eastern,2025-05-08,3028,3.84
PSG-000594,SAR,Air,Madinah,2025-05-27,2948,4.73
PSG-000595,TGA,Air,Madinah,2025-04-24,547,4.06
PSG-000596,TGA,Air,Asir,2025-01-28,5768,4.21
PSG-000597,TGA,Road,Madinah,2025-05-08,3214,4.01
PSG-000598,TGA,Rail,Jazan,2025-05-21,6420,4.46
PSG-000599,GACA,Road,Makkah,2025-04-04,2366,3.1
PSG-000600,SAR,Air,Qassim,2025-01-16,7921,4.53
PSG-000601,TGA,Road,Makkah,2025-01-24,10920,4.14
PSG-000602,TGA,Road,Qassim,2025-06-14,3342,3.21
PSG-000603,GACA,Rail,Eastern,2025-06-10,7034,3.51
PSG-000604,SAR,Air,,2025-01-27,5317,3.9
PSG-000605,TGA,Rail,Asir,2025-03-15,11257,4.25
PSG-000606,TGA,Air,Eastern,2025-03-20,9675,4.37
PSG-000607,TGA,Road,Madinah,2025-01-13,8803,2.57
PSG-000608,SAR,Rail,Eastern,2025-05-18,909,4.56
PSG-000609,TGA,Rail,Madinah,2025-06-24,11505,2.61
PSG-000610,GACA,Air,Jazan,2025-02-26,11722,3.3
PSG-000611,TGA,Air,Jazan,2025-06-13,10093,2.54
PSG-000612,SAR,Air,Makkah,2025-01-02,3988,4.15
PSG-000613,SAR,Air,Qassim,2025-04-06,6635,2.61
PSG-000614,GACA,Road,Eastern,2025-03-08,6977,4.2
PSG-000615,TGA,Road,Asir,2025-06-17,4516,3.52
PSG-000616,GACA,Rail,Qassim,2025-02-18,8048,3.13
PSG-000617,GACA,Road,Qassim,2025-04-25,2161,4.16
PSG-000618,GACA,Air,Makkah,2025-05-06,1139,2.96
PSG-000619,SAR,Air,Asir,2025-06-27,6574,3.21
PSG-000620,SAR,Rail,Asir,2025-01-31,6520,4.56
PSG-000621,GACA,Air,Jazan,2025-05-13,634,3.67
PSG-000622,GACA,Air,,2025-04-10,3072,2.71
PSG-000623,TGA,Air,Eastern,2025-04-05,7227,4.35
PSG-000624,SAR,Road,Riyadh,2025-05-09,3146,4.42
PSG-000625,TGA,Rail,Riyadh,2025-02-09,5642,4.65
PSG-000626,SAR,Air,Tabuk,2025-06-14,974,3.48
PSG-000627,GACA,Rail,Makkah,2025-06-10,3234,3.34
PSG-000628,TGA,Rail,Riyadh,2025-01-18,4076,4.0
PSG-000629,SAR,Road,Madinah,2025-03-23,979,2.78
PSG-000630,GACA,Rail,Riyadh,2025-02-13,11913,4.83
PSG-000631,SAR,Air,Madinah,2025-06-25,3878,2.51
PSG-000632,GACA,Road,Riyadh,2025-05-26,2010,4.64
PSG-000633,TGA,Air,,2025-05-02,9413,4.11
PSG-000634,SAR,Road,Qassim,2025-03-02,11238,3.73
PSG-000635,SAR,Rail,Jazan,2025-02-09,7491,3.84
PSG-000636,SAR,Air,Madinah,2025-02-14,6414,5.0
PSG-000637,GACA,Rail,Riyadh,2025-03-18,2409,2.61
PSG-000638,SAR,Road,Eastern,2025-02-02,10314,3.38
PSG-000639,SAR,Rail,Qassim,2025-04-26,7322,4.88
PSG-000640,SAR,Rail,Tabuk,2025-04-13,2230,4.31
PSG-000641,GACA,Air,Eastern,2025-05-26,3238,4.87
PSG-000642,TGA,Road,Tabuk,2025-05-21,6738,3.44
PSG-000643,SAR,Air,Qassim,2025-01-28,8943,4.13
PSG-000644,SAR,Road,Qassim,2025-02-25,5582,3.88
PSG-000645,GACA,Road,Qassim,2025-04-21,3004,4.86
PSG-000646,GACA,Road,Eastern,2025-06-20,2873,3.18
PSG-000647,TGA,Road,Madinah,2025-05-28,3290,2.88
PSG-000648,SAR,Rail,Eastern,2025-02-03,8023,3.29
PSG-000649,TGA,Road,Riyadh,2025-01-17,1454,2.55
PSG-000650,GACA,Rail,Makkah,2025-04-02,3376,4.36
PSG-000651,GACA,Rail,Makkah,2025-03-22,9609,4.76
PSG-000652,SAR,Rail,Tabuk,2025-03-16,5018,2.75
PSG-000653,TGA,Air,Madinah,2025-01-31,8771,4.78
PSG-000654,SAR,Air,Jazan,2025-03-13,11354,4.62
PSG-000655,GACA,Air,Madinah,2025-01-25,695,2.84
PSG-000656,SAR,Rail,Qassim,2025-01-06,9653,4.22
PSG-000657,SAR,Rail,Madinah,2025-01-06,8107,4.87
PSG-000658,TGA,Rail,Tabuk,2025-04-05,1178,2.94
PSG-000659,TGA,Rail,Qassim,2025-01-29,11009,2.99
PSG-000660,TGA,Rail,Asir,2025-01-22,5861,4.01
PSG-000661,SAR,Air,Qassim,2025-04-04,4190,2.98
PSG-000662,SAR,Road,Riyadh,2025-02-12,902,4.12
PSG-000663,TGA,Rail,Asir,2025-04-21,5579,2.6
PSG-000664,TGA,Road,Jazan,2025-03-27,9082,2.58
PSG-000665,TGA,Air,Riyadh,2025-02-21,7752,3.45
PSG-000666,GACA,Road,Asir,2025-03-27,6059,4.51
PSG-000667,SAR,Rail,Tabuk,2025-03-30,11832,3.15
PSG-000668,GACA,Rail,Asir,2025-04-26,11056,2.71
PSG-000669,TGA,Rail,,2025-02-02,1803,3.11
PSG-000670,GACA,Rail,Makkah,2025-03-02,1481,4.66
PSG-000671,GACA,Road,Riyadh,2025-03-29,10166,2.68
PSG-000672,TGA,Road,Jazan,2025-03-26,10944,2.76
PSG-000673,GACA,Air,Madinah,2025-01-21,3090,2.73
PSG-000674,GACA,Air,Qassim,2025-03-01,3494,2.62
PSG-000675,GACA,Rail,Tabuk,2025-02-19,7849,4.54
PSG-000676,TGA,Rail,Madinah,2025-06-23,9746,4.66
PSG-000677,GACA,Rail,Madinah,2025-01-21,2931,4.94
PSG-000678,SAR,Air,Eastern,2025-06-29,1291,2.97
PSG-000679,SAR,Air,Madinah,2025-06-01,4911,4.0
PSG-000680,TGA,Road,Asir,2025-03-06,5698,4.34
PSG-000681,TGA,Air,Asir,2025-02-11,1109,2.65
PSG-000682,SAR,Rail,Riyadh,2025-04-21,1359,4.19
PSG-000683,TGA,Rail,Riyadh,2025-06-22,1495,3.3
PSG-000684,SAR,Road,Makkah,2025-03-23,7435,3.4
PSG-000685,SAR,Rail,Jazan,2025-05-06,5185,3.86
PSG-000686,TGA,Air,Eastern,2025-01-11,11369,3.38
PSG-000687,SAR,Rail,Tabuk,2025-04-14,7646,4.67
PSG-000688,SAR,Rail,Madinah,2025-04-09,6924,4.87
PSG-000689,GACA,Rail,Qassim,2025-06-11,2497,3.5
PSG-000690,GACA,Rail,Madinah,2025-02-17,3605,2.74
PSG-000691,SAR,Rail,Madinah,2025-02-20,405,3.74
PSG-000692,GACA,Rail,Asir,2025-05-05,9992,4.31
PSG-000693,SAR,Rail,Madinah,2025-06-20,1029,3.38
PSG-000694,GACA,Air,Tabuk,2025-06-05,4790,2.85
PSG-000695,TGA,Rail,Eastern,2025-01-04,5096,4.08
PSG-000696,SAR,Road,Asir,2025-04-20,10070,2.8
PSG-000697,GACA,Road,Asir,2025-04-06,11330,4.66
PSG-000698,SAR,Road,Jazan,2025-04-25,6112,3.54
PSG-000699,GACA,Rail,Eastern,2025-03-22,10435,4.79
PSG-000700,SAR,Rail,Tabuk,2025-03-26,11491,2.99
PSG-000701,GACA,Rail,Eastern,2025-06-06,3933,4.53
PSG-000702,GACA,Rail,Jazan,2025-03-22,8421,4.7
PSG-000703,SAR,Air,Tabuk,2025-05-06,7630,4.01
PSG-000704,TGA,Rail,Makkah,2025-02-19,4575,4.28
PSG-000705,SAR,Air,Jazan,2025-06-12,100,3.32
PSG-000706,TGA,Rail,Madinah,2025-03-23,7991,4.96
PSG-000707,TGA,Road,Eastern,2025-06-15,3133,4.89
PSG-000708,TGA,Road,Makkah,2025-01-16,3243,3.81
PSG-000709,TGA,Rail,Eastern,2025-04-19,11529,4.55
PSG-000710,GACA,Rail,Asir,2025-03-17,464,2.57
PSG-000711,TGA,Rail,Makkah,2025-02-07,7368,4.06
PSG-000712,TGA,Air,Jazan,2025-01-28,4531,3.64
PSG-000713,GACA,Road,Jazan,2025-05-31,2155,3.31
PSG-000714,GACA,Air,Riyadh,2025-05-22,7866,3.42
PSG-000715,SAR,Road,Qassim,2025-06-10,7164,4.12
PSG-000716,SAR,Air,Tabuk,2025-01-09,10595,3.21
PSG-000717,TGA,Road,Riyadh,2025-01-15,11891,4.29
PSG-000718,GACA,Rail,Makkah,2025-02-05,2533,2.76
PSG-000719,GACA,Road,Eastern,2025-04-03,5900,3.35
PSG-000720,SAR,Rail,Makkah,2025-05-20,1068,3.81
PSG-000721,TGA,Rail,Madinah,2025-01-23,3445,3.62
PSG-000722,GACA,Rail,Eastern,2025-06-15,11248,3.89
PSG-000723,GACA,Road,Eastern,2025-01-11,3638,4.4
PSG-000724,GACA,Air,Tabuk,2025-06-12,11031,3.49
PSG-000725,TGA,Rail,,2025-06-28,6848,3.88
PSG-000726,GACA,Air,Riyadh,2025-05-30,8102,2.52
PSG-000727,TGA,Air,Tabuk,2025-02-12,6557,3.03
PSG-000728,TGA,Air,Asir,2025-04-06,8420,3.47
PSG-000729,GACA,Road,Asir,2025-03-25,4315,3.48
PSG-000730,TGA,Rail,,2025-06-04,10722,4.18
PSG-000731,SAR,Air,Madinah,2025-04-10,1798,4.36
PSG-000732,GACA,Air,Asir,2025-06-22,3561,4.72
PSG-000733,SAR,Rail,Jazan,2025-06-10,3815,3.92
PSG-000734,SAR,Air,Riyadh,2025-02-25,3014,4.65
PSG-000735,GACA,Rail,Qassim,2025-04-28,6452,4.0
PSG-000736,GACA,Rail,Jazan,2025-03-15,10978,4.64
PSG-000737,GACA,Air,Makkah,2025-01-08,10196,2.63
PSG-000738,GACA,Rail,Riyadh,2025-04-08,11989,3.92
PSG-000739,GACA,Air,Riyadh,2025-06-15,3175,4.93
PSG-000740,TGA,Rail,Makkah,2025-06-17,416,3.24
PSG-000741,GACA,Air,Asir,2025-04-27,3403,2.8
PSG-000742,TGA,Road,Riyadh,2025-05-02,2910,2.54
PSG-000743,GACA,Road,Eastern,2025-05-29,11435,3.89
PSG-000744,SAR,Air,Jazan,2025-06-27,2561,3.04
PSG-000745,SAR,Road,,2025-05-08,7135,4.58
PSG-000746,SAR,Air,Riyadh,2025-01-12,10807,2.66
PSG-000747,SAR,Road,Asir,2025-02-21,4429,2.56
PSG-000748,SAR,Air,Eastern,2025-01-01,10702,2.61
PSG-000749,TGA,Rail,Jazan,2025-01-13,4744,3.41
PSG-000750,TGA,Rail,Jazan,2025-05-20,2735,3.43
PSG-000751,SAR,Road,Madinah,2025-06-13,5731,3.52
PSG-000752,TGA,Rail,Tabuk,2025-03-30,4841,2.87
PSG-000753,TGA,Rail,Qassim,2025-04-21,1466,4.01
PSG-000754,GACA,Rail,Tabuk,2025-04-26,8884,4.65
PSG-000755,GACA,Air,Tabuk,2025-06-10,2426,4.0
PSG-000756,TGA,Road,Madinah,2025-05-27,2335,4.94
PSG-000757,GACA,Road,Qassim,2025-04-18,1883,4.98
PSG-000758,TGA,Air,Makkah,2025-03-07,9068,4.16
PSG-000759,GACA,Road,Eastern,2025-03-27,8064,2.79
PSG-000760,TGA,Rail,Qassim,2025-04-11,3639,3.94
PSG-000761,TGA,Rail,Makkah,2025-06-14,7482,2.89
PSG-000762,TGA,Air,Riyadh,2025-05-10,1816,3.74
PSG-000763,GACA,Road,Asir,2025-04-14,5012,4.56
PSG-000764,TGA,Road,Makkah,2025-02-18,435,2.54
PSG-000765,SAR,Air,Eastern,2025-06-24,1218,2.67
PSG-000766,SAR,Air,Qassim,2025-06-19,6652,2.53
PSG-000767,TGA,Rail,Tabuk,2025-02-23,5027,3.57
PSG-000768,TGA,Rail,Riyadh,2025-01-09,8241,3.3
PSG-000769,GACA,Rail,Jazan,2025-04-09,8881,4.42
PSG-000770,SAR,Road,Tabuk,2025-06-25,8083,4.99
PSG-000771,SAR,Air,Jazan,2025-01-23,7830,3.13
PSG-000772,GACA,Air,Eastern,2025-06-11,1590,3.64
PSG-000773,TGA,Rail,Eastern,2025-05-01,612,3.31
PSG-000774,TGA,Road,Jazan,2025-04-16,1605,2.53
PSG-000775,GACA,Road,Riyadh,2025-04-24,1182,3.76
PSG-000776,SAR,Rail,Qassim,2025-05-18,10760,4.31
PSG-000777,SAR,Road,Makkah,2025-05-06,2899,4.76
PSG-000778,SAR,Air,Riyadh,2025-03-26,7041,2.77
PSG-000779,GACA,Air,Eastern,2025-03-05,143,3.47
PSG-000780,TGA,Road,Madinah,2025-01-12,5002,2.96
PSG-000781,SAR,Road,Jazan,2025-04-24,11531,4.87
PSG-000782,GACA,Air,Madinah,2025-06-04,9270,2.56
PSG-000783,SAR,Rail,,2025-05-15,11417,3.42
PSG-000784,TGA,Air,Qassim,2025-03-13,7198,3.89
PSG-000785,SAR,Air,Makkah,2025-06-20,5909,3.69
PSG-000786,TGA,Air,Madinah,2025-02-11,1465,3.93
PSG-000787,TGA,Air,Jazan,2025-05-20,6166,3.89
PSG-000788,SAR,Air,Madinah,2025-01-30,9219,2.6
PSG-000789,GACA,Air,Asir,2025-06-29,6451,2.53
PSG-000790,GACA,Road,Riyadh,2025-06-20,4406,3.96
PSG-000791,GACA,Rail,Madinah,2025-03-04,7920,4.5
PSG-000792,GACA,Road,Jazan,2025-02-24,1672,2.93
PSG-000793,TGA,Road,Makkah,2025-02-02,8403,2.86
PSG-000794,GACA,Rail,Makkah,2025-03-05,10321,4.38
PSG-000795,TGA,Rail,Eastern,2025-04-15,1027,4.38
PSG-000796,GACA,Rail,,2025-06-21,11952,4.83
PSG-000797,SAR,Rail,Eastern,2025-02-02,7903,4.04
PSG-000798,TGA,Rail,Madinah,2025-05-14,4762,3.74
PSG-000799,GACA,Rail,Riyadh,2025-05-24,1440,4.26
PSG-000800,GACA,Road,Riyadh,2025-04-11,4651,3.66
PSG-000801,SAR,Rail,Tabuk,2025-05-01,8429,3.72
PSG-000802,TGA,Road,Madinah,2025-01-24,11378,3.72
PSG-000803,SAR,Road,Makkah,2025-03-10,4494,4.69
PSG-000804,TGA,Road,Eastern,2025-03-24,3972,3.92
PSG-000805,SAR,Rail,Eastern,2025-05-13,11127,3.53
PSG-000806,SAR,Road,Qassim,2025-02-18,10094,4.73
PSG-000807,GACA,Road,Asir,2025-06-25,5972,4.28
PSG-000808,TGA,Rail,Eastern,2025-05-29,8571,2.93
PSG-000809,TGA,Road,Asir,2025-02-22,9849,4.47
PSG-000810,SAR,Air,Jazan,2025-04-11,7985,4.29
PSG-000811,TGA,Rail,Tabuk,2025-06-05,1230,3.13
PSG-000812,SAR,Road,,2025-02-18,4224,4.82
PSG-000813,SAR,Road,Asir,2025-04-18,3313,3.16
PSG-000814,SAR,Road,Jazan,2025-05-02,7212,3.47
PSG-000815,GACA,Air,Madinah,2025-01-14,722,4.62
PSG-000816,SAR,Air,Asir,2025-01-25,11301,3.56
PSG-000817,GACA,Road,,2025-03-28,10279,4.3
PSG-000818,SAR,Rail,Eastern,2025-06-08,9940,3.93
PSG-000819,SAR,Road,Tabuk,2025-02-08,426,3.88
PSG-000820,SAR,Air,Madinah,2025-04-09,3378,3.85
PSG-000821,GACA,Air,Makkah,2025-06-07,4469,4.52
PSG-000822,GACA,Air,Eastern,2025-02-26,4015,3.65
PSG-000823,GACA,Air,Eastern,2025-01-01,3962,4.18
PSG-000824,SAR,Road,Qassim,2025-03-01,1694,4.62
PSG-000825,SAR,Road,Jazan,2025-04-09,10127,4.38
PSG-000826,GACA,Road,Asir,2025-06-22,8103,3.59
PSG-000827,TGA,Rail,,2025-05-10,10136,3.47
PSG-000828,SAR,Road,Eastern,2025-06-30,1317,4.0
PSG-000829,TGA,Road,Qassim,2025-04-14,3443,3.04
PSG-000830,SAR,Rail,Asir,2025-03-16,3832,3.45
PSG-000831,SAR,Air,Eastern,2025-01-17,7459,4.28
PSG-000832,GACA,Rail,Tabuk,2025-01-06,8093,3.59
PSG-000833,SAR,Rail,Makkah,2025-03-31,3794,3.17
PSG-000834,SAR,Rail,Madinah,2025-05-30,10617,3.79
PSG-000835,TGA,Air,Riyadh,2025-04-04,836,4.4
PSG-000836,GACA,Road,Madinah,2025-06-28,9107,2.63
PSG-000837,GACA,Road,Asir,2025-03-17,2370,4.65
PSG-000838,SAR,Air,Eastern,2025-02-12,8578,2.67
PSG-000839,GACA,Road,Riyadh,2025-02-15,4772,3.87
PSG-000840,SAR,Air,,2025-02-20,9923,4.28
PSG-000841,GACA,Air,Asir,2025-02-15,8798,2.81
PSG-000842,SAR,Road,Tabuk,2025-02-09,8793,4.83
PSG-000843,GACA,Air,Tabuk,2025-03-11,8459,4.53
PSG-000844,TGA,Road,Riyadh,2025-02-12,842,3.67
PSG-000845,GACA,Air,Tabuk,2025-03-13,7626,3.11
PSG-000846,GACA,Road,Makkah,2025-02-11,10537,4.02
PSG-000847,GACA,Air,Qassim,2025-03-15,7599,3.82
PSG-000848,SAR,Road,Qassim,2025-04-14,8652,3.67
PSG-000849,TGA,Road,Tabuk,2025-05-28,11819,4.59
PSG-000850,SAR,Rail,Qassim,2025-05-08,2118,4.51
PSG-000851,GACA,Air,Tabuk,2025-01-30,9952,4.76
PSG-000852,SAR,Rail,Asir,2025-03-22,8032,3.0
PSG-000853,GACA,Air,Qassim,2025-02-07,7421,4.66
PSG-000854,TGA,Air,Asir,2025-02-06,318,4.75
PSG-000855,SAR,Rail,Jazan,2025-04-30,6137,4.71
PSG-000856,SAR,Air,Qassim,2025-03-04,2434,4.74
PSG-000857,GACA,Rail,Tabuk,2025-04-30,6383,4.72
PSG-000858,SAR,Air,Asir,2025-05-12,9087,3.69
PSG-000859,SAR,Air,Tabuk,2025-03-21,8352,2.91
PSG-000860,GACA,Air,Asir,2025-05-11,3633,4.08
PSG-000861,SAR,Air,Jazan,2025-06-06,7591,3.37
PSG-000862,SAR,Rail,Tabuk,2025-05-13,9644,2.81
PSG-000863,SAR,Rail,Qassim,2025-01-10,10966,4.45
PSG-000864,TGA,Road,Makkah,2025-02-09,6241,3.33
PSG-000865,TGA,Rail,Asir,2025-02-20,1576,4.04
PSG-000866,SAR,Rail,Eastern,2025-03-19,248,4.88
PSG-000867,GACA,Rail,Eastern,2025-02-08,7044,3.87
PSG-000868,SAR,Air,Riyadh,2025-02-11,663,3.16
PSG-000869,SAR,Air,Eastern,2025-02-12,11070,3.73
PSG-000870,GACA,Road,Jazan,2025-03-29,10155,4.32
PSG-000871,SAR,Rail,Asir,2025-05-21,5466,4.08
PSG-000872,SAR,Road,Madinah,2025-05-31,8570,4.21
PSG-000873,TGA,Air,Eastern,2025-04-22,7969,3.18
PSG-000874,TGA,Rail,Jazan,2025-04-14,890,4.88
PSG-000875,SAR,Rail,Makkah,2025-05-23,3713,4.61
PSG-000876,GACA,Air,Jazan,2025-01-26,11475,3.86
PSG-000877,SAR,Rail,Qassim,2025-03-26,4950,2.7
PSG-000878,GACA,Road,Jazan,2025-06-19,1136,4.44
PSG-000879,GACA,Rail,Qassim,2025-02-09,6836,3.68
PSG-000880,GACA,Rail,Tabuk,2025-03-02,8021,4.7
PSG-000881,SAR,Rail,Eastern,2025-03-02,4743,3.11
PSG-000882,GACA,Rail,Madinah,2025-06-01,6224,4.63
PSG-000883,GACA,Air,Makkah,2025-01-03,2508,3.85
PSG-000884,SAR,Air,Madinah,2025-01-01,7770,2.94
PSG-000885,GACA,Rail,Tabuk,2025-06-29,5903,4.17
PSG-000886,GACA,Air,Madinah,2025-03-26,1687,2.6
PSG-000887,TGA,Air,Riyadh,2025-02-19,2834,4.74
PSG-000888,SAR,Air,Asir,2025-06-07,8669,2.68
PSG-000889,TGA,Rail,Madinah,2025-06-05,4309,2.89
PSG-000890,TGA,Road,Makkah,2025-02-27,11339,3.21
PSG-000891,SAR,Rail,Madinah,2025-04-26,5927,4.88
PSG-000892,SAR,Rail,Qassim,2025-03-02,5117,4.17
PSG-000893,GACA,Air,Jazan,2025-02-09,652,2.7
PSG-000894,TGA,Air,Madinah,2025-04-25,2116,2.87
PSG-000895,GACA,Rail,Tabuk,2025-05-29,3969,4.3
PSG-000896,SAR,Rail,Makkah,2025-06-21,11054,3.88
PSG-000897,TGA,Rail,Eastern,2025-06-17,604,3.41
PSG-000898,SAR,Air,Tabuk,2025-01-09,4181,3.47
PSG-000899,SAR,Rail,Qassim,2025-03-24,7416,2.83
PSG-000900,SAR,Road,Qassim,2025-05-26,11516,2.96
PSG-000901,GACA,Rail,Qassim,2025-03-27,2477,2.61
PSG-000902,GACA,Air,Jazan,2025-02-21,11859,2.95
PSG-000903,GACA,Air,Tabuk,2025-06-07,6161,3.34
PSG-000904,GACA,Rail,Eastern,2025-03-27,11196,4.15
PSG-000905,TGA,Road,Asir,2025-05-16,9724,4.03
PSG-000906,TGA,Air,Qassim,2025-01-11,7503,4.91
PSG-000907,TGA,Road,Asir,2025-04-27,779,3.21
PSG-000908,GACA,Rail,Makkah,2025-04-17,7644,4.79
PSG-000909,TGA,Road,Eastern,2025-06-01,3701,3.62
PSG-000910,SAR,Road,Riyadh,2025-06-21,9545,3.14
PSG-000911,SAR,Air,Eastern,2025-04-26,3965,3.49
PSG-000912,SAR,Air,Makkah,2025-03-12,8819,4.54
PSG-000913,TGA,Rail,Riyadh,2025-06-13,5066,4.42
PSG-000914,TGA,Air,Jazan,2025-02-24,8800,4.15
PSG-000915,SAR,Air,Eastern,2025-04-10,9237,4.31
PSG-000916,GACA,Road,,2025-04-20,1355,3.32
PSG-000917,GACA,Rail,Riyadh,2025-03-08,2819,4.14
PSG-000918,TGA,Rail,Qassim,2025-04-20,3393,4.32
PSG-000919,SAR,Air,Asir,2025-05-19,11380,3.87
PSG-000920,GACA,Air,Madinah,2025-01-01,3974,2.66
PSG-000921,SAR,Air,Makkah,2025-03-28,2039,3.75
PSG-000922,TGA,Rail,Makkah,2025-06-07,4609,4.46
PSG-000923,SAR,Air,Tabuk,2025-02-18,8984,4.86
PSG-000924,TGA,Air,Makkah,2025-02-11,2438,3.36
PSG-000925,TGA,Road,Eastern,2025-06-11,5807,2.57
PSG-000926,SAR,Rail,Makkah,2025-04-14,3529,2.92
PSG-000927,TGA,Road,Jazan,2025-06-28,1146,4.94
PSG-000928,TGA,Air,Jazan,2025-04-28,6395,3.31
PSG-000929,SAR,Air,,2025-02-18,110,3.93
PSG-000930,GACA,Road,Tabuk,2025-04-17,171,4.92
PSG-000931,SAR,Air,Madinah,2025-06-02,8578,3.9
PSG-000932,GACA,Road,Madinah,2025-05-22,9087,4.31
PSG-000933,SAR,Air,Riyadh,2025-06-13,5244,3.12
PSG-000934,TGA,Rail,,2025-01-28,949,4.85
PSG-000935,TGA,Air,Asir,2025-02-09,4648,3.35
PSG-000936,SAR,Air,Tabuk,2025-03-20,4962,3.52
PSG-000937,GACA,Rail,Tabuk,2025-01-24,2301,4.83
PSG-000938,TGA,Road,Makkah,2025-01-25,4378,4.42
PSG-000939,SAR,Air,Madinah,2025-05-30,1341,3.08
PSG-000940,SAR,Rail,Makkah,2025-05-21,9509,4.68
PSG-000941,TGA,Rail,Asir,2025-04-14,717,3.28
PSG-000942,SAR,Air,Tabuk,2025-01-14,2292,2.67
PSG-000943,TGA,Air,Makkah,2025-01-11,7737,4.52
PSG-000944,SAR,Road,Makkah,2025-06-01,9244,4.74
PSG-000945,GACA,Air,Tabuk,2025-06-16,9372,4.25
PSG-000946,GACA,Road,Riyadh,2025-02-02,2824,4.34
PSG-000947,TGA,Road,Eastern,2025-01-02,11214,3.81
PSG-000948,SAR,Road,Eastern,2025-03-02,1022,3.57
PSG-000949,TGA,Road,Qassim,2025-05-16,4845,3.36
PSG-000950,SAR,Road,Qassim,2025-03-15,4463,3.12
PSG-000951,GACA,Road,Qassim,2025-06-04,8203,2.5
PSG-000952,GACA,Rail,Eastern,2025-06-26,2150,3.94
PSG-000953,TGA,Road,Makkah,2025-03-05,2220,4.28
PSG-000954,GACA,Air,Riyadh,2025-06-25,6517,2.83
PSG-000955,GACA,Rail,Makkah,2025-06-16,3493,4.29
PSG-000956,TGA,Air,Qassim,2025-02-22,7374,2.86
PSG-000957,TGA,Road,Makkah,2025-03-25,6785,3.45
PSG-000958,TGA,Road,Asir,2025-02-21,10454,2.86
PSG-000959,SAR,Rail,Eastern,2025-06-19,4027,3.72
PSG-000960,SAR,Rail,Riyadh,2025-04-21,7645,2.9
PSG-000961,GACA,Road,Jazan,2025-02-22,6823,2.78
PSG-000962,SAR,Air,Asir,2025-04-20,275,3.68
PSG-000963,TGA,Air,Jazan,2025-06-14,3725,3.62
PSG-000964,TGA,Rail,Jazan,2025-03-11,2678,3.7
PSG-000965,SAR,Air,Riyadh,2025-06-15,8011,3.46
PSG-000966,TGA,Road,Madinah,2025-04-05,8602,3.14
PSG-000967,GACA,Rail,Asir,2025-01-06,1081,3.92
PSG-000968,GACA,Air,Asir,2025-03-04,11001,4.83
PSG-000969,TGA,Road,Madinah,2025-05-16,105,2.87
PSG-000970,GACA,Rail,Qassim,2025-01-01,7931,2.98
PSG-000971,GACA,Road,Asir,2025-04-19,4165,4.24
PSG-000972,SAR,Road,Eastern,2025-06-21,9906,3.91
PSG-000973,SAR,Air,Qassim,2025-02-20,4062,3.31
PSG-000974,SAR,Rail,Jazan,2025-05-17,5512,3.73
PSG-000975,SAR,Road,Riyadh,2025-01-27,9309,4.74
PSG-000976,GACA,Rail,Riyadh,2025-04-16,8815,4.99
PSG-000977,GACA,Air,Jazan,2025-02-26,3564,3.05
PSG-000978,GACA,Air,,2025-05-31,6753,2.8
PSG-000979,SAR,Road,Jazan,2025-01-24,5633,4.81
PSG-000980,TGA,Air,Makkah,2025-06-03,8846,4.37
PSG-000981,GACA,Air,Jazan,2025-05-19,2786,4.14
PSG-000982,TGA,Road,Riyadh,2025-05-06,3594,4.49
PSG-000983,SAR,Air,Makkah,2025-02-28,9481,3.19
PSG-000984,SAR,Road,Tabuk,2025-04-26,9164,4.24
PSG-000985,GACA,Road,Makkah,2025-05-27,399,4.17
PSG-000986,GACA,Air,Madinah,2025-01-12,2989,2.99
PSG-000987,GACA,Air,Madinah,2025-01-16,10890,3.62
PSG-000988,TGA,Air,Riyadh,2025-02-22,6057,4.07
PSG-000989,SAR,Road,Qassim,2025-01-17,2656,3.68
PSG-000990,GACA,Air,,2025-02-14,11263,4.61
PSG-000991,SAR,Air,Makkah,2025-02-24,1249,2.88
PSG-000992,GACA,Rail,Eastern,2025-02-12,4410,4.28
PSG-000993,TGA,Road,Tabuk,2025-02-10,9786,3.83
PSG-000994,TGA,Air,Jazan,2025-06-06,7342,3.2
PSG-000995,SAR,Road,Eastern,2025-01-06,3265,3.51
PSG-000996,SAR,Road,Jazan,2025-05-29,1939,4.49
PSG-000997,GACA,Air,Eastern,2025-05-17,1904,3.9
PSG-000998,SAR,Road,Madinah,2025-02-16,8881,4.69
PSG-000999,GACA,Air,Riyadh,2025-06-05,8957,4.71
